{"cameraMode":{"drawMode":0,"name":"Shaded","section":"Shading Mode"},"sceneLighting":false,"audioPlay":false,"sceneViewState":{"m_AlwaysRefresh":false,"showFog":true,"showSkybox":false,"showFlares":true,"showImageEffects":true,"showParticleSystems":true,"showVisualEffectGraphs":true,"m_FxEnabled":true},"in2DMode":false,"pivot":{"x":9.717445373535157,"y":11.373290061950684,"z":-75.48883819580078},"rotation":{"x":-0.030176952481269838,"y":-0.6113278269767761,"z":0.022764692083001138,"w":-0.7904742956161499},"size":12.544754028320313,"orthographic":false}