{"cameraMode":{"drawMode":0,"name":"Shaded","section":"Shading Mode"},"sceneLighting":false,"audioPlay":false,"sceneViewState":{"m_AlwaysRefresh":false,"showFog":true,"showSkybox":false,"showFlares":true,"showImageEffects":true,"showParticleSystems":true,"showVisualEffectGraphs":true,"m_FxEnabled":true},"in2DMode":false,"pivot":{"x":-11.422537803649903,"y":11.45444393157959,"z":-97.91307067871094},"rotation":{"x":-0.030176952481269838,"y":-0.6113278269767761,"z":0.022764692083001138,"w":-0.7904742956161499},"size":1.2946507930755616,"orthographic":false}